{
    "2012": {
        "DO": {
            "DO": 0.0117527674883604, 
            "FR": 0.17226040363311801, 
            "CO": 11.5593929290771, 
            "VE": 5.1297192573547399, 
            "PT": "", 
            "CA": "", 
            "DE": 0.012288155965506999, 
            "ZA": 82.857604980468807, 
            "US": 29.622362136840799, 
            "NG": 0.36707574129104598, 
            "HT": 232.10273742675801, 
            "JM": 0.92768216133117698, 
            "AR": 2.4505593776702899, 
            "CU": "", 
            "GB": 1.3623191118240401, 
            "BR": 3.5674183368682901, 
            "NL": "", 
            "MA": 0.0022550770081579698, 
            "MX": "", 
            "ES": 0.0
        }, 
        "FR": {
            "DO": 0.28844764828681901, 
            "FR": 10.217099189758301, 
            "CO": 50.225635528564503, 
            "VE": 1.13115262985229, 
            "PT": "", 
            "CA": "", 
            "DE": 1.0427840948104901, 
            "ZA": 2793.54443359375, 
            "US": 97.780174255371094, 
            "NG": 11.9514255523682, 
            "HT": 64.658241271972699, 
            "JM": 0.90310198068618797, 
            "AR": 7.6736249923706099, 
            "CU": "", 
            "GB": 271.70910644531301, 
            "BR": 84.492904663085895, 
            "NL": "", 
            "MA": 0.24238143861293801, 
            "MX": "", 
            "ES": 101.55092620849599
        }, 
        "CO": {
            "DO": 0.0, 
            "FR": 0.0, 
            "CO": 0.0, 
            "VE": 9.0509252548217791, 
            "PT": "", 
            "CA": "", 
            "DE": 0.0, 
            "ZA": 40.246242523193402, 
            "US": 32.9560737609863, 
            "NG": 0.0, 
            "HT": 0.0, 
            "JM": 0.0, 
            "AR": 1.5986034870147701, 
            "CU": "", 
            "GB": 1.57343709468842, 
            "BR": 4.7282819747924796, 
            "NL": "", 
            "MA": 0.0, 
            "MX": "", 
            "ES": 0.0
        }, 
        "VE": {
            "DO": 0.0012930377852171701, 
            "FR": 0.131400942802429, 
            "CO": 1042.38293457031, 
            "VE": 0.0, 
            "PT": "", 
            "CA": "", 
            "DE": 0.0021253298036754101, 
            "ZA": 570.577880859375, 
            "US": 19.8634338378906, 
            "NG": 0.25699934363365201, 
            "HT": 1.40087807178497, 
            "JM": 0.17696949839591999, 
            "AR": 5.3069643974304199, 
            "CU": "", 
            "GB": 0.13583067059516901, 
            "BR": 12.0759782791138, 
            "NL": "", 
            "MA": 0.00308355921879411, 
            "MX": "", 
            "ES": 0.0036596292629837998
        }, 
        "PT": {
            "DO": 0.0014999338891357201, 
            "FR": 1.1193940639495901, 
            "CO": 0.98148709535598799, 
            "VE": 8.3744173049926793, 
            "PT": "", 
            "CA": "", 
            "DE": 0.164067953824997, 
            "ZA": 148.77581787109401, 
            "US": 22.410364151001001, 
            "NG": 1.47520911693573, 
            "HT": 0.0126755414530635, 
            "JM": 0.068210102617740603, 
            "AR": 0.96650153398513805, 
            "CU": "", 
            "GB": 22.317987442016602, 
            "BR": 197.49638366699199, 
            "NL": "", 
            "MA": 21.494968414306602, 
            "MX": "", 
            "ES": 0.0390048399567604
        }, 
        "CA": {
            "DO": 1.2424511909484901, 
            "FR": 37.438850402832003, 
            "CO": 93.943603515625, 
            "VE": 3.3856139183044398, 
            "PT": "", 
            "CA": "", 
            "DE": 1.6494836807251001, 
            "ZA": 92.765373229980497, 
            "US": 634.87615966796898, 
            "NG": 22.571825027465799, 
            "HT": 119.172859191895, 
            "JM": 288.77471923828102, 
            "AR": 14.697541236877401, 
            "CU": "", 
            "GB": 1072.04943847656, 
            "BR": 52.914924621582003, 
            "NL": "", 
            "MA": 0.29351302981376598, 
            "MX": "", 
            "ES": 293.37484741210898
        }, 
        "DE": {
            "DO": 0.084477245807647705, 
            "FR": 54.774585723877003, 
            "CO": 29.388288497924801, 
            "VE": 1.33817481994629, 
            "PT": "", 
            "CA": "", 
            "DE": 16.827236175537099, 
            "ZA": 1313.15173339844, 
            "US": 346.82452392578102, 
            "NG": 37.483161926269503, 
            "HT": 1.0434000492095901, 
            "JM": 3.8777198791503902, 
            "AR": 5.1507024765014604, 
            "CU": "", 
            "GB": 246.01930236816401, 
            "BR": 114.459930419922, 
            "NL": "", 
            "MA": 0.99461144208908103, 
            "MX": "", 
            "ES": 114.06455230712901
        }, 
        "ZA": {
            "DO": 0.0, 
            "FR": 0.0, 
            "CO": 0.0, 
            "VE": 0.0, 
            "PT": "", 
            "CA": "", 
            "DE": 0.0, 
            "ZA": 0.0, 
            "US": 0.0, 
            "NG": 0.0, 
            "HT": 0.0, 
            "JM": 0.0, 
            "AR": 0.0, 
            "CU": "", 
            "GB": 0.0, 
            "BR": 0.0, 
            "NL": "", 
            "MA": 60.093257904052699, 
            "MX": "", 
            "ES": 0.0
        }, 
        "HT": {
            "DO": 0.0, 
            "FR": 0.0, 
            "CO": 0.22118569910526301, 
            "VE": 0.0098562156781554205, 
            "PT": "", 
            "CA": "", 
            "DE": 0.0, 
            "ZA": 0.0, 
            "US": 16.960931777954102, 
            "NG": 0.0, 
            "HT": 0.0, 
            "JM": 0.67265647649765004, 
            "AR": 0.032619658857584, 
            "CU": "", 
            "GB": 0.0, 
            "BR": 0.16136264801025399, 
            "NL": "", 
            "MA": 0.0, 
            "MX": "", 
            "ES": 0.0
        }, 
        "NG": {
            "DO": 0.0, 
            "FR": 0.0, 
            "CO": 0.0, 
            "VE": 0.0, 
            "PT": "", 
            "CA": "", 
            "DE": 0.0, 
            "ZA": 0.0, 
            "US": 0.0, 
            "NG": 0.0, 
            "HT": 0.0, 
            "JM": 0.0, 
            "AR": 0.0, 
            "CU": "", 
            "GB": 0.0, 
            "BR": 0.0, 
            "NL": "", 
            "MA": 0.0, 
            "MX": "", 
            "ES": 0.0
        }, 
        "JM": {
            "DO": 0.0, 
            "FR": 0.0, 
            "CO": 0.0, 
            "VE": 0.0, 
            "PT": "", 
            "CA": "", 
            "DE": 0.0, 
            "ZA": 0.0, 
            "US": 14.255123138427701, 
            "NG": 0.0, 
            "HT": 0.0, 
            "JM": 0.0, 
            "AR": 0.0, 
            "CU": "", 
            "GB": 7.87927198410034, 
            "BR": 0.0, 
            "NL": "", 
            "MA": 0.0, 
            "MX": "", 
            "ES": 0.0
        }, 
        "AR": {
            "DO": 0.0, 
            "FR": 0.0, 
            "CO": 0.0, 
            "VE": 0.0, 
            "PT": "", 
            "CA": "", 
            "DE": 0.055128928273916203, 
            "ZA": 960.69592285156295, 
            "US": 0.0, 
            "NG": 0.0, 
            "HT": 0.0, 
            "JM": 0.0, 
            "AR": 0.0, 
            "CU": "", 
            "GB": 0.0, 
            "BR": 86.792160034179702, 
            "NL": "", 
            "MA": 0.0, 
            "MX": "", 
            "ES": 0.0
        }, 
        "ES": {
            "DO": 0.514803826808929, 
            "FR": 33.683803558349602, 
            "CO": 745.15563964843795, 
            "VE": 45.075984954833999, 
            "PT": "", 
            "CA": "", 
            "DE": 9.3612365722656303, 
            "ZA": 0.0, 
            "US": 84.268547058105497, 
            "NG": 70.9693603515625,